category,other forms,japanese root,japanese others
analyse,analysed,分析,分析
analyse,analyser,,分析する
analyse,analysers,,アナライザー
analyse,analyses,,分析
analyse,analysing,,分析
analyse,analysis,,解析
analyse,analyst,,アナリスト
analyse,analysts,,アナリスト
analyse,analytic,,分析
analyse,analytical,,分析
analyse,analytically,,解析的
analyse,analyze,,分析する
analyse,analyzed,,分析
analyse,analyzes,,分析
analyse,analyzing,,分析
approach,,接近,
approach,approachable,,親しみ やすい
approach,approached,,近づいて
approach,approaches,,アプローチ
approach,approaching,,接近
approach,unapproachable,,近寄りがたい
area,,面積,
area,areas ,,領域 
assess,,割り振る,
assess,assessable,,課税
assess,assessed,,評価
assess,assesses,,評価
assess,assessing,,評価
assess,assessment,,査定
assess,assessments,,評価
assess,reassess,,再評価
assess,reassessed ,,再評価 
assess,reassessing ,,再評価 
assess,reassessment,,再評価
assess,unassessed,,未評価
assume,,決め込む,
assume,assumed,,想定
assume,assumes,,仮定
assume,assuming,,仮定する
assume,assumption,,仮定
assume,assumptions,,仮定
authority,,権限,
authority,authoritative ,,儼然 
authority,authorities,,官憲
available,,利用できる,
available,availability,,可用性
available,unavailable,,使用禁止
benefit ,,益 ,
benefit ,beneficial,,有益
benefit ,beneficiary,,受益者
benefit ,beneficiaries,,受益者
benefit ,benefited,,恩恵
benefit ,benefiting,,利益
benefit ,benefits ,,利点 
concept ,,概念 ,
concept ,conception ,,受胎 
concept ,concepts,,概念
concept ,conceptual,,概念的
concept ,conceptualisation,,概念化
concept ,conceptualise,,概念化
concept ,conceptualised,,概念化
concept ,conceptualises,,概念化
concept ,conceptualising,,概念化
concept ,conceptually,,概念的
consist,,成り立つ,
consist,consisted,,構成
consist,consistency,,一貫性
consist,consistent,,首尾一貫した
consist,consistently,,常
consist,consisting,,構成されている
consist,consists,,で構成されています
consist,inconsistencies ,,不整合 
consist,inconsistency,,矛盾
consist,inconsistent,,辻褄の合わない
constitute ,,構成する ,
constitute ,constituencies ,,選挙 区 
constitute ,constituency,,選挙 区
constitute ,constituent ,,アール 
constitute ,constituents ,,成分 
constitute ,constituted,,構成
constitute ,constitutes ,,構成 
constitute ,constituting,,構成
constitute ,constitution,,憲法
constitute ,constitutions  ,,憲法  
constitute ,constitutional,,憲法
constitute ,constitutionally,,憲法
constitute ,constitutive,,構成
constitute ,unconstitutional,,違憲
context,,文脈,
context,contexts,,コンテキスト
context,contextual,,コンテキスト
context,contextualise ,,コンテキスト化 
context,contextualised ,,コンテクスト化 
context,contextualising ,,コンテクスト化 
context,uncontextualised ,,文脈化されていない 
context,contextualize ,,文脈 
context,contextualized ,,コンテキスト化 
context,contextualizing ,,コンテクスト化 
context,uncontextualized ,,非文脈化 
contract,,契約,
contract,contracted,,契約
contract,contracting,,契約
contract,contractor,,請負人
contract,contractors,,請負業 者
contract,contracts ,,契約 
create,,創造する,
create,created,,作成
create,creates,,作成
create,creating,,作成
create,creation,,創造
create,creations,,作品
create,creative,,創造的な
create,creatively,,創造
create,creativity,,創造性
create,creator,,造物主
create,creators,,クリエイター
create,recreate,,再現
create,recreated,,再現
create,recreates,,再現
create,recreating,,再現
data,,データ,
define,,定義する,
define,definable,,定義
define,defined ,,定義 
define,defines,,定義
define,defining,,定義
define,definition,,定義
define,definitions,,定義
define,redefine,,定義
define,redefined,,定義
define,redefines,,再
define,redefining,,再
define,undefined,,未定義
derive,,導き出す,
derive,derivation,,派生
derive,derivations,,派生
derive,derivative ,,派生語 
derive,derivatives ,,誘導 体 
derive,derived ,,派生 
derive,derives,,派生
derive,deriving,,派生
distribute,,配る,
distribute,distributed,,分散
distribute,distributing,,配布
distribute,distribution ,,流通 
distribute,distributional ,,分布 
distribute,distributions,,分布
distribute,distributive,,分配
distribute,distributor ,,ディストリビューター 
distribute,distributors,,代理店
distribute,redistribute,,再 分配
distribute,redistributed,,再 分配
distribute,redistributes,,再配布
distribute,redistributing,,再 分配
distribute,redistribution,,再配分
economy,,経済,
economy,economic,,経済的
economy,economical,,徳用
economy,economically,,経済的
economy,economics ,,経済学 
economy,economies,,経済
economy,economist,,エコノミスト
economy,economists,,エコノミスト
economy,uneconomical,,不経済
environment ,,環境 ,
environment ,environmental ,,環境 
environment ,environmentalist  ,,環境保護主義者  
environment ,environmentalists ,,環境 
environment ,environmentally,,環境
environment ,environments,,環境
establish,,作る,
establish,disestablish  ,,ディスエスタブルメント  
establish,disestablished,,確立されていない
establish,disestablishes,,ディスアソシエーション
establish,disestablishing,,ディスアスティッシング
establish,disestablishment,,ディスエスタブリッシュメント
establish,established,,既成
establish,establishes,,確立
establish,establishing,,確立
establish,establishment,,確立
establish,establishments,,施設
estimate ,,見積もる ,
estimate ,estimated,,推定
estimate ,estimates ,,見積もり 
estimate ,estimating,,推定
estimate ,estimation,,推定
estimate ,estimations,,見積もり
estimate ,over‑estimate,,買い被る
estimate ,overestimate,,買い被る
estimate ,overestimated,,過大 評価
estimate ,overestimates,,過大評価
estimate ,overestimating,,過大 評価
estimate ,underestimate,,過小評価する
estimate ,underestimated,,過小 評価
estimate ,underestimates,,過小 評価
estimate ,underestimating,,過小 評価
evident,,明らか,
evident,evidenced,,証明
evident,evidence,,証拠
evident,evidential ,,証拠 
evident,evidently,,明らかに
export,,輸出,
export,exported,,エクスポート
export,exporter,,輸出
export,exporters,,輸出 業者
export,exporting,,エクスポート
export,exports,,輸出
factor,,因子,
factor,factored,,考慮
factor,factoring,,ファクタリング
factor,factors,,要因
finance,,金融,
finance,financed,,融資
finance,finances,,金融
finance,financial,,金融
finance,financially,,財政
finance,financier ,,金融 
finance,financiers,,金融
finance,financing,,融資
formula,,式,
formula,formulae,,式
formula,formulas,,数式
formula,formulate,,定式化する
formula,formulated,,策定
formula,formulating,,策定
formula,formulation,,定式 化
formula,formulations,,製剤
formula,reformulate,,再定式化
formula,reformulated,,再処方
formula,reformulating,,再定式化
formula,reformulation,,改質
formula,reformulations,,再定式化
function,,機能,
function,functional,,機能的な
function,functionally,,機能的
function,functioned,,作用
function,functioning,,機能
function,functions,,関数
identify,,識別する,
identify,identifiable ,,識別 
identify,identification  ,,識別  
identify,identified,,識別
identify,identifies ,,識別 
identify,identifying,,判明
identify,identities,,アイデンティティ
identify,identity,,同一性
identify,unidentifiable ,,正体 不明 
income,,収入,
income,incomes,,収入
indicate ,,示す ,
indicate ,indicated,,示さ れた
indicate ,indicates ,,示す 
indicate ,indicating ,,示す 
indicate ,indication ,,表示 
indicate ,indications,,徴候
indicate ,indicative,,直説法
indicate ,indicator,,インジケータ
indicate ,indicators,,指標
individual  ,,個体  ,
individual  ,individualised,,個別化
individual  ,individuality,,個性
individual  ,individualism,,個人主義
individual  ,individualist,,インディビジュアリスト
individual  ,individualists,,個人主義者
individual  ,individualistic,,個人
individual  ,individually,,個別的に
individual  ,individuals ,,個人 
interpret,,解釈する,
interpret,interpretation,,解釈
interpret,interpretations  ,,解釈  
interpret,interpretative ,,解釈 
interpret,interpreted,,解釈
interpret,interpreting ,,解釈 
interpret,interpretive,,解釈
interpret,interprets,,解釈
interpret,misinterpret,,誤解
interpret,misinterpretation,,誤解
interpret,misinterpretations,,誤解
interpret,misinterpreted,,誤って 解釈
interpret,misinterpreting,,誤って 解釈
interpret,misinterprets,,誤解
interpret,reinterpret,,解釈
interpret,reinterpreted,,解釈
interpret,reinterprets,,再
interpret,reinterpreting,,再
interpret,reinterpretation,,解釈
interpret,reinterpretations,,再解釈
involve,,巻き込む,
,involved,,複雑
,involvement,,関与
,involves,,含む
,involving,,含む
,uninvolved,,関与していない
issue,,発行,
,issued,,発行
,issues,,問題
,issuing,,発行
labour,,労働,
,labor,,労働
,labored,,こじつけ
,labors,,労働
,laboured,,苦心
,labouring,,労働
,labours,,労働
legal,,合法,
,illegal  ,,違法  
,illegality,,違法
,illegally,,違法に
,legality,,合法
,legally,,法的
legislate,,制定する,
,legislated,,制定
,legislates,,立法府
,legislating,,立法
,legislation,,法制
,legislative,,立法権
,legislator,,立法者
,legislators,,議員
,legislature,,立法府
major ,,少佐 ,
,majorities,,大半
,majority,,過半数
method,,方式,
,methodical,,几帳面
,methodological,,方法論
,methodologies,,方法
,methodology,,方法論
,methods ,,メソッド 
occur,,起る,
,occurred,,発生
,occurrence ,,発生 
,occurrences,,発生
,occurring,,発生
,occurs,,発生
,reoccur ,,再発 
,reoccurred ,,再発 
,reoccurring,,再発
,reoccurs ,,再発 
percent ,,パーセント ,
,percentage,,百分率
,percentages,,割合
period,,時代,
,periodic,,周期的
,periodical,,定期刊行物
,periodically,,定期的
,periodicals,,雑誌
,periods,,期間
policy,,政策,
,policies ,,檄 
principle,,原理,
,principled,,原則
,principles,,原則
,unprincipled,,無節操
proceed,,進む,
,procedural,,手続き型
,procedure,,プロシージャ
,procedures,,手続き
,proceeded,,進んだ
,proceeding,,行程
,proceedings,,議事
,proceeds,,収益
process,,過程,
,processed,,処理
,processes,,プロセス
,processing ,,加工 
require,,要する,
,required,,必須
,requirement,,要件
,requirements ,,必要条件 
,requires,,必要
,requiring,,必要
research,,研究,
,researched,,研究
,researcher,,研究員
,researchers ,,研究 
,researches,,研究
,researching,,研究
respond,,応じる,
,responded,,答えた
,respondent,,回答者
,respondents,,回答
,responding,,応答
,responds,,応答
,response,,応答
,responses,,応答
,responsive,,応答
,responsiveness,,応答
,unresponsive ,,応答 
role,,役割,
,roles,,役割
section,,節,
,sectioned,,断面
,sectioning,,セクショニング
,sections ,,セクション 
sector,,セクター,
,sectors,,セクター
significant,,重要な,
,insignificant,,名も無い
,insignificantly,,取るに足らない
, significance,, 意味
,significantly ,,著しく 
,signified,,シニフィエ
,signifies,,意味
,signify,,表す
,signifying,,意味
similar,,同じような,
,dissimilar,,異種
,similarities,,類似 点
,similarity ,,相似 
,similarly,,同じように
source,,源,
,sourced,,出典
,sources ,,ソース 
,sourcing,,ソーシング
specific,,特定,
,specifically,,具体的には
,specification ,,仕様 
,specifications,,仕様
,specificity,,特異 性
,specifics,,詳細
structure,,構造,
,restructure,,再 構築
,restructured,,再 構築
,restructures,,再 構築
,restructuring,,再 構築
,structural,,構造
,structurally,,構造
,structured ,,構造 
,structures,,構造
,structuring,,構造
,unstructured,,非構造化
theory,,理論,
,theoretical,,理論
,theoretically,,理論上
,theories,,理論
,theorist,,理論家
,theorists,,理論
vary,,異なる,
,invariable,,不変
,invariably,,常に
,variability,,可変
,variable ,,変数 
,variables,,変数
,variably,,常
,variance,,分散
,variant,,バリアント
,variants,,バリアント
,variation,,バリエーション
,variations ,,バリエーション 
,varied,,変化
,varies,,異なります
,varying,,変化
,,,
,,,
,,,
,,,
,,アカデミックワードリストのサブリスト2,
Sublist 2 of the Academic Word List,,,
,,,
,,達成する ,
achieve ,,,達成
,achievable,,達成
,achieved,,達成
,achievement,,実績
,achievements,,実現
,achieves,,達成
,achieving,取得する,
acquire,,,後天性 
,acquired ,,取得
,acquires,,取得
,acquiring,,取得
,acquisition,,買収
,acquisitions,管理,
administrate,,,管理者
,administrates,,行政  
,administration  ,,政権  
,administrations  ,,行政 
,administrative ,,管理
,administratively,,管理者
,administrator,,管理者
,administrators,障る,
affect,,,影響
,affected,,影響を与える
,affecting,,感情
,affective,,感情的
,affectively,,影響
,affects,,影響
,unaffected,適切 ,
appropriate ,,,適切性
,appropriacy,,適当に
,appropriately,,てきせつ
,appropriateness,,不適切 
,inappropriacy ,,不適当
,inappropriate,,不適切
,inappropriately,アスペクト,
aspect,,,側面
,aspects,手伝う,
assist,,,援助 
,assistance ,,助手
,assistant,,アシスタント
,assistants,,支援
,assisted,,支援
,assisting,,アシスト
,assists,,自力
,unassisted,カテゴリ ,
category ,,,カテゴリ
,categories,,分類
,categorisation,,分類
,categorise,,分類
,categorised,,カテゴリ分け
,categorises,,分類
,categorising,,分類
,categorization,,分類
,categorized,,分類
,categorizes,,分類 
,categorizing ,章,
chapter,,,章
,chapters,手数料,
commission,,,委託
,commissioned,,コミッショナー
,commissioner,,委員
,commissioners,,試運転
,commissioning,,手数料
,commissions,コミュニティ,
community,,,コミュニティ
,communities,コンプレックス ,
complex ,,,複雑さ
,complexities,,複雑さ 
,complexity ,計算する ,
compute ,,,計算
,computation,,計算
,computational,,計算
,computations,,計算可能
,computable,,コンピュータ
,computer,,計算
,computed,,コンピュータ化
,computerised,,コンピューター
,computers,,コンピューティング
,computing,結論,
conclude,,,締結
,concluded,,結論
,concludes,,締結
,concluding,,結論
,conclusion,,結論 
,conclusions ,,決定的
,conclusive,,決定的
,conclusively,,決定的
,inconclusive,,結論が出ない
,inconclusively,行為,
conduct,,,実施 
,conducted ,,実施
,conducting,,行って
,conducts,後件,
consequent,,,結果
,consequence,,結果
,consequences,,したがいまして
,consequently,建てる ,
construct ,,,構築 
,constructed ,,構築 
,constructing ,,建設
,construction,,構造
,constructions,,建設的な 
,constructive ,,構築
,constructs,,建て直す
,reconstruct,,再 構築
,reconstructed,,再 構築
,reconstructing,,再建
,reconstruction,,再 構築
,reconstructs,使う,
consume,,,消費
,consumed,,消費者  
,consumer  ,,消費 者 
,consumers ,,消費
,consumes,,消費
,consuming,,消費
,consumption,信用,
credit,,,入金
,credited,,クレジット
,crediting,,債権者
,creditor,,債権 者
,creditors,,クレジット
,credits,文化,
culture,,,文化的な 
,cultural ,,文化的
,culturally,,彧
,cultured,,文化  
,cultures  ,,無教養
,uncultured,設計,
design,,,設計 
,designed ,,デザイナー
,designer,,デザイナー
,designers,,設計
,designing,,デザイン 
,designs ,朖 ,
distinct ,,,区別
,distinction,,区別 
,distinctions ,,独特 
,distinctive ,,独特
,distinctively,,はっきり
,distinctly,,不明
,indistinct,,ぼうっと
,indistinctly,要素,
element,,,元素 
,elements ,同一視 ,
equate ,,,同一視 
,equated ,,相当
,equates,,一致
,equating,,方程式
,equation,,方程式
,equations,評,
evaluate,,,評価
,evaluated,,評価
,evaluates,,評価
,evaluating,,評価 
,evaluation ,,評価
,evaluations,,評価
,evaluative,,再評価 
,re-evaluate ,,再評価 
,re-evaluated ,,再評価
,re-evaluates,,再評価 
,re-evaluating ,,再評価
,re-evaluation,特徴,
feature,,,注目
,featured,,顔立ち 
,features ,,特徴
,featuring,最終的な,
final,,,終了
,finalise,,最終版
,finalised,,確定
,finalises,,ファイナライズ
,finalising,,ファイナライズ
,finalize,,確定
,finalized,,終了
,finalizes,,確定
,finalizing,,きっぱり
,finality,,最終的に
,finally,,決勝
,finals,焦点,
focus,,,集中
,focused,,焦点
,focuses,,中心
,focusing,,焦点
,focussed,,焦点
,focussing,,再び
,refocus,,合わせた
,refocused,,焦点を合わせ直す
,refocuses,,移す
,refocusing,,再フォーカス 
,refocussed ,,再フォーカス
,refocusses,,再フォーカス
,refocussing,インパクト,
impact,,,影響
,impacted,,影響
,impacting,,影響
,impacts,傷つける ,
injure ,,,傷付いた
,injured,,傷つける
,injures,,傷害
,injuries,,負傷
,injuring,,怪我
,injury,,無傷
,uninjured,学院 ,
institute ,,,制定
,instituted,,機関
,institutes,,制定
,instituting,,施設
,institution,,機関
,institutional,,制度化 
,institutionalise ,,制度化 
,institutionalised ,,施設化 
,institutionalises ,,制度化 
,institutionalising ,,制度
,institutionalized,,制度化 
,institutionalizes ,,制度化 
,institutionalizing ,,制度的に
,institutionally,,機関
,institutions,投じる,
invest,,,投資
,invested,,投資
,investing,,投資
,investment,,投資
,investments,,出資者
,investor,,投資 家
,investors,,投資
,invests,,再
,reinvest,,再投資
,reinvested,,逆行
,reinvesting,,再
,reinvestment,,再投資
,reinvests,アイテム,
item,,,アイテム化
,itemisation,,アイテム
,itemise,,アイテム別
,itemised,,アイテム  
,itemises  ,,アイテム化
,itemising,,項目
,items,日誌 ,
journal ,,,仕訳 帳
,journals,保つ,
maintain,,,維持 
,maintained ,,維持 
,maintaining ,,維持
,maintains,,メンテナンス
,maintenance,正常,
normal,,,異常
,abnormal,,異常に
,abnormally,,正常化
,normalisation,,正規化
,normalise,,正規化
,normalised,,標準化
,normalises,,正規化
,normalising,,正常化
,normalization,,ノーマライズ
,normalize,,正規化
,normalized,,正規化
,normalizes,,正規化
,normalizing,,正常
,normality,,通常であれば
,normally,手に入る,
obtain,,,得 られる
,obtainable,,取得 
,obtained ,,入手
,obtaining,,取得
,obtains,,入らない 
,unobtainable ,参加する ,
participate ,,,参加者
,participant,,参加者
,participants,,参加
,participated,,参加
,participates,,参加 
,participating ,,参加
,participation,,参加
,participatory,悟る,
perceive,,,知覚 
,perceived ,,認識
,perceives,,知覚 
,perceiving ,,知覚 
,perception ,,認識 
,perceptions ,＋ ,
positive ,,,積極的に 
,positively ,ポテンシャル,
potential,,,可能性 
,potentially ,先の,
previous,,,先に 
,previously ,原発 ,
primary ,,,元来 
,primarily ,買う ,
purchase ,,,購入
,purchased,,買主
,purchaser,,購入
,purchasers,,購入
,purchases,,購買
,purchasing,範囲 ,
range ,,,範囲
,ranged,,範囲
,ranges,,まで
,ranging,地域,
region,,,リージョナル
,regional,,地方
,regionally,,地域
,regions,治,
regulate,,,規制 緩和
,deregulated,,規制緩和
,deregulates,,規制緩和
,deregulating,,ディレギュレーション
,deregulation,,規制
,regulated,,調節
,regulates,,規制
,regulating,,規制 
,regulation ,,規則
,regulations,,制御器
,regulator,,レギュレータ
,regulators,,規制
,regulatory,,野放図な 
,unregulated ,関連した ,
relevant ,,,見当違い
,irrelevance,,無関係
,irrelevant,,関連性
,relevance,住む ,
reside ,,,住んで
,resided,,居住
,residence,,住民
,resident,,住宅
,residential,,住民
,residents,,存在
,resides,,居住
,residing,資源,
resource,,,リソース供給
,resourced,,才略の有る
,resourceful,,リソース
,resources,,リソーシング
,resourcing,,機知に乏しい
,unresourceful,,リソース不足
,under-resourced,限る,
restrict,,,制限 
,restricted ,,制限
,restricting,,拘束 
,restriction ,,制限
,restrictions,,限定的
,restrictive,,制限的に 
,restrictively ,,制限
,restricts,,無制限
,unrestricted,,制限なし
,unrestrictive,牢,
secure,,,不安
,insecure,,不安
,insecurities,,不安
,insecurity,,確保
,secured,,安全
,securely,,確保
,secures,,確保
,securing,,証券
,securities,,安全 
,security ,探す,
seek,,,求めて
,seeking,,シーク
,seeks,,求めた
,sought,選ぶ,
select,,,入選
,selected,,選択
,selecting,,選定 
,selection ,,選択
,selections,,選択
,selective,,選択
,selectively,,セレクタ
,selector,,セレクター
,selectors,,選択
,selects,敷地,
site,,,サイト
,sites,戦略 ,
strategy ,,,戦略的な 
,strategic ,,戦略
,strategies,,戦略 的
,strategically,,戦略家
,strategist,,戦略
,strategists,アンケート,
survey,,,調査
,surveyed,,測量
,surveying,,調査
,surveys,テキスト,
text,,,テキスト
,texts,,テキスト
,textual,伝統 ,
tradition ,,,非伝統的な
,non‑traditional,,トラディショナル
,traditional,,伝統主義者
,traditionalist,,伝統的
,traditionally,,伝統
,traditions,移転,
transfer,,,譲渡
,transferable,,転移
,transference,,転送 
,transferred ,,転送
,transferring,,転送
,transfers,,
,,アカデミックワードリストのサブリスト3 ,
Sublist 3 of Academic Word List ,,,
,,,
,,オルターナティブ,
alternative,,,また
,alternatively,,選択肢
,alternatives,事情,
circumstance,,,状況 
,circumstances ,コメント,
comment,,,論評
,commentaries,,解説
,commentary,,コメンテーター
,commentator,,コメンテーター
,commentators,,コメント
,commented,,コメント
,commenting,,コメント
,comments,補償する,
compensate,,,補償 
,compensated ,,補正
,compensates,,補償
,compensating,,補償
,compensation,,補償
,compensations,,代償 
,compensatory ,コンポーネント ,
component ,,,コンポーネント
,componentry,,コンポーネント
,components,同意,
consent,,,コンセンサス
,consensus,,同意
,consented,,同意
,consenting,,同意
,consents,かなり,
considerable,,,大分
,considerably,定数 ,
constant ,,,恒常
,constancy,,絶えず
,constantly,,定数
,constants,,心変わり
,inconstancy,,不定休
,inconstantly,制約,
constrain,,,制約
,constrained,,制約
,constraining,,制約
,constrains,,制約 
,constraint ,,制約
,constraints,,洒脱 
,unconstrained ,貢献する ,
contribute ,,,貢献 
,contributed ,,貢献
,contributes,,貢献 
,contributing ,,寄付
,contribution,,貢献
,contributions,,投稿者
,contributor,,貢献
,contributors,呼び集める ,
convene ,,,大会
,convention,,規則
,convenes,,招集
,convened,,招集
,convening,,コンベンショナル
,conventional,,従来は
,conventionally,,規則 
,conventions ,,奇抜
,unconventional,座標,
coordinate,,,調整 
,coordinated ,,座標
,coordinates,,調整
,coordinating,,コーディネーション
,coordination,,コーディネーター 
,coordinator ,,コーディネーター
,coordinators,,コーディネート
,co-ordinate,,調整 
,co‑ordinated ,,座標
,co‑ordinates,,調整
,co‑ordinating,,コーディネーション 
,co‑ordination ,,コーディネーター
,co‑ordinator,,コーディネーター
,co‑ordinators,コア,
core,,,コア
,cores,,コアリング
,coring,,入り 
,cored ,企業 ,
corporate ,,,法人 
,corporates ,,会社
,corporation,,企業 
,corporations ,対応,
correspond,,,対応
,corresponded,,対応
,correspondence,,該当
,corresponding,,対応 
,correspondingly ,,対応 
,corresponds ,条件,
criteria,,,基準
,criterion,推測,
deduce,,,推定
,deduced,,推論
,deduces,,控除
,deducing,,控除
,deduction,,控除
,deductions,証明する ,
demonstrate ,,,実証
,demonstrable,,明白 
,demonstrably ,,実証
,demonstrated,,示します 
,demonstrates ,,示す
,demonstrating,,デモ 
,demonstration ,,デモ
,demonstrations,,指示詞
,demonstrative,,デモンストレーション的に
,demonstratively,,デモンストレーター
,demonstrator,,デモ 隊
,demonstrators,文書,
document,,,ドキュメンテーション
,documentation,,記載
,documented,,文書
,documenting,,書類 
,documents ,支配する,
dominate,,,優性
,dominance,,ドミナント
,dominant,,支配
,dominated,,支配
,dominates,,支配
,dominating,,支配
,domination,強調 ,
emphasis ,,,強調
,emphasise,,強調
,emphasised,,強調
,emphasising,,強調する
,emphasize,,強調
,emphasized,,強調
,emphasizes,,強調
,emphasizing,,強調
,emphatic,,きっぱり
,emphatically,確保,
ensure,,,確保
,ensured,,により
,ensures,,確保
,ensuring,除外する,
exclude,,,除外
,excluded,,除外
,excludes,,除く
,excluding,,除外
,exclusion,,排他的
,exclusionary,,排他主義者
,exclusionist,,除外
,exclusions,,排他的
,exclusive,,だけ 
,exclusively ,フレームワーク ,
framework ,,,フレームワーク
,frameworks,基金,
fund,,,資金 
,funded ,,資金提供者
,funder,,出資
,funders,,融資
,funding,,元手
,funds,説明 ,
illustrate ,,,示す 
,illustrated ,,示します 
,illustrates ,,示す
,illustrating,,図 
,illustration ,,イラスト
,illustrations,,例示
,illustrative,移民する,
immigrate,,,移民
,immigrant,,移民
,immigrants,,移住
,immigrated,,移民
,immigrates,,移住
,immigrating,,イミグレーション
,immigration,ほのめかす,
imply,,,暗黙
,implied,,意味
,implies,,意味
,implying,イニシャル ,
initial ,,,最初
,initially,例 ,
instance ,,,インスタンス 
,instances ,相呼応する,
interact,,,相互 作用
,interacted,,相互 作用
,interacting,,相互作用
,interaction,,相互 作用
,interactions,,インテラクティブ
,interactive,,対話的
,interactively,,対話
,interacts,言い開く ,
justify ,,,正当
,justifiable,,正当
,justifiably,,ジャスティフィケーション
,justification,,正当 化
,justifications,,正当 化
,justified,,正当 化
,justifies,,正当 化
,justifying,,不当
,unjustified,層,
layer,,,層状
,layered,,取り木
,layering,,層
,layers,リンク,
link,,,連動
,linkage,,連携
,linkages,,リンク
,linked,,リンク
,linking,,リンクス
,links,見付ける,
locate,,,位置
,located,,検索
,locating,,場所
,location,,場所
,locations,,移転
,relocate,,移転
,relocated,,移転
,relocates,,移転
,relocating,,移転
,relocation,最大限,
maximise,,,マックス 
,max ,,最大化
,maximised,,最大
,maximises,,最大限
,maximising,,最大化
,maximisation,,最大化する 
,maximize ,,最大
,maximized,,マキシム 
,maximizes ,,最大
,maximizing,,最大化  
,maximization  ,,最大
,maximum,マイナー,
minor,,,少数
,minorities,,少数
,minority,,未成年 者
,minors,打ち消す ,
negate ,,,－
,negative,,否定
,negated,,否定
,negates,,否定
,negating,,負
,negatively,,ネガ
,negatives,結果,
outcome,,,結果
,outcomes,パートナー,
partner,,,パートナー
,partners,,パートナーシップ
,partnership,,パートナーシップ 
,partnerships ,哲学 ,
philosophy ,,,哲人
,philosopher,,哲学 者
,philosophers,,哲学的
,philosophical,,哲学 
,philosophically ,,哲学
,philosophies,,フィロソフィー 
,philosophise ,,哲学的
,philosophised,,哲学的
,philosophises,,哲学
,philosophising,,思索
,philosophize,,哲学的
,philosophized,,哲学
,philosophizes,,哲学
,philosophizing,形而下 ,
physical ,,,物理的
,physically,比率 ,
proportion ,,,不均衡
,disproportion,,不均衡
,disproportionate,,偏って
,disproportionately,,比例
,proportional,,比例
,proportionally,,比例
,proportionate,,比例 
,proportionately ,,割合
,proportions,著す,
publish,,,公開 
,published ,,発行者 
,publisher ,,出版 社
,publishers,,発行
,publishes,,出版
,publishing,,未発表
,unpublished,反応する ,
react ,,,反応 
,reacted ,,反応
,reacts,,反応
,reacting,,反応
,reaction,,反動
,reactionaries,,反動
,reactionary,,反応
,reactions,,反応
,reactive,,再 アクティブ 化
,reactivate,,再 アクティブ 化
,reactivation,,原子炉
,reactor,,原子炉
,reactors,登録する,
register,,,登録解除 
,deregister ,,登録抹消 
,deregistered ,,登録解除
,deregistering,,登録解除 
,deregisters ,,登録解除 
,deregistration ,,登録 
,registered ,,登録
,registering,,レジスタ
,registers,,登録 
,registration ,頼る,
rely,,,確実 
,reliability ,,頼もしい
,reliable,,確実
,reliably,,信頼
,reliance,,リライアント 
,reliant ,,頼って
,relied,,依存
,relies,,頼る
,relying,,危うい
,unreliable,取り去る,
remove,,,リムーバブル
,removable,,除去
,removal,,削除
,removals,,削除
,removed,,削除
,removes,,削除
,removing,計画,
scheme,,,スケマティック
,schematic,,概略的に
,schematically,,スキーム
,schemed,,スキーム
,schemes,,工夫
,scheming,順序,
sequence,,,シーケンス
,sequenced,,シーケンス
,sequences,,シークエンシング
,sequencing,,シーケンシャル
,sequential,,順次
,sequentially,性,
sex,,,男女 
,sexes ,,性差別 
,sexism ,,性的
,sexual,,有性
,sexuality,,性的
,sexually,動く,
shift,,,シフト
,shifted,,シフト
,shifting,,シフト
,shifts,指定,
specify,,,指定可能
,specifiable,,指定 
,specified ,,指定
,specifies,,指定
,specifying,,未指定
,unspecified,足りる,
sufficient,,,充足
,sufficiency,,不十分
,insufficient,,不十分
,insufficiently,,十分
,sufficiently,タスク,
task,,,用事
,tasks,テクニカル ,
technical ,,,技術的
,technically,技術,
technique,,,技術
,techniques,テクノロジー,
technology,,,技術
,technological,,技術的
,technologically,有効,
valid,,,無効
,invalidate,,無効
,invalidity,,検証
,validate,,検証
,validated,,検証
,validating,,検証
,validation,,有効
,validity,,有効
,validly,容積,
volume,,,ボリューム   
,volumes   ,,ボリューム 
,vol ,,
,,,
,,アカデミックワードリストのサブリスト4,
Sublist 4 of the Academic Word List,,,
,,アクセス,
access,,,アクセス
,accessed,,アクセス
,accesses,,アクセシビリティ
,accessibility,,アクセス
,accessible,,アクセス
,accessing,,アクセス
,inaccessible,十分,
adequate,,,剴切
,adequacy,,十分
,adequately,,不備
,inadequacies,,不適当
,inadequacy,,不十分
,inadequate,,不十分
,inadequately,一年生,
annual,,,毎年
,annually,一目瞭然,
apparent,,,どうやら 
,apparently ,アバウト,
approximate,,,近似
,approximated,,約
,approximately,,近似
,approximates,,近似
,approximating,,近似
,approximation,,近似
,approximations,姿勢,
attitude,,,態度 
,attitudes ,属性,
attribute,,,起因 
,attributable ,,起因 
,attributed ,,属性
,attributes,,帰
,attributing,,帰属
,attribution,民事上,
civil,,コード,
code,,,コード 
,coded ,,コード
,codes,,コーディング 
,coding ,犯す,
commit,,,言質 
,commitment ,,コミットメント
,commitments,,コミット
,commits,,コミット
,committed,,コミット
,committing,伝える,
communicate,,,伝染
,communicable,,伝達
,communicated,,通信
,communicates,,通信
,communicating,,通信
,communication,,通信
,communications,,コミュニケーション
,communicative,,コミュニケーション
,communicatively,,コミュニケーションが取れない 
,uncommunicative ,凝らす ,
concentrate ,,,耑 
,concentrated ,,集中
,concentrates,,集中
,concentrating,,濃度
,concentration,諮る,
confer,,,会議 
,conference ,,カンファレンス
,conferences,,授与
,conferred,,授与
,conferring,,与える
,confers,対照 ,
contrast ,,,対照 的
,contrasted,,対照的な
,contrasting,,対照
,contrastive,,コントラスト
,contrasts,サイクル,
cycle,,,循環
,cycled,,サイクル
,cycles,,サイクリック
,cyclic,,循環
,cyclical,,サイクリング
,cycling,討論,
debate,,,余地
,debatable,,議論
,debated,,議論
,debates,,議論
,debating,にもかかわらず ,
despite ,,次元,
dimension,,,次元の
,dimensional,,寸法 
,dimensions ,,多次元
,multidimensional,国内 ,
domestic ,,,国内
,domestically,,飼いならす
,domesticate,,家畜
,domesticated,,家畜化
,domesticating,,国内
,domestics,現れる ,
emerge ,,,現れた 
,emerged ,,現出 
,emergence ,,新興の 
,emergent ,,現れる 
,emerges ,,新興 
,emerging ,エラー,
error,,,誤った
,erroneous,,誤って
,erroneously,,エラー
,errors,エスニック,
ethnic,,,エスニシティ
,ethnicity,ゴール,
goal,,,目標
,goals,叶える,
grant,,,付与
,granted,,付与
,granting,,補助 金
,grants,従って,
hence,,仮説 ,
hypothesis ,,,仮説
,hypotheses,,仮説
,hypothesise,,仮説
,hypothesised,,仮説
,hypothesises,,仮説を立てる
,hypothesising,,仮定する
,hypothesize,,仮説
,hypothesized,,仮説を立てる
,hypothesizes,,仮説を立てる
,hypothesizing,,仮定の  
,hypothetical  ,,仮に
,hypothetically,道具,
implement,,,実装
,implementation,,実装 
,implemented ,,実装 
,implementing ,,用具
,implements,拕,
implicate,,,関与
,implicated,,関与
,implicates,,関与させる
,implicating,,含意 
,implication ,,影響
,implications,課す,
impose,,,課せ られた
,imposed,,課す
,imposes,,堂堂
,imposing,,課税
,imposition,統合,
integrate,,,統合 
,integrated ,,統合
,integrates,,統合
,integrating,,統合
,integration,国内 ,
internal ,,,社内
,internalise,,内面化
,internalised,,社内
,internalises,,内面化
,internalising,,内面化する 
,internalize ,,内面 
,internalized ,,内面化
,internalizes,,内在化
,internalizing,,内部的
,internally,調べる ,
investigate ,,,調査 
,investigated ,,調査 
,investigates ,,偵知 
,investigating ,,究明
,investigation,,調査
,investigations,,調査
,investigative,,探偵
,investigator,,調査 官
,investigators,仕事,
job,,,ジョブ
,jobs,ラベル,
label,,,ラベル
,labeled,,ラベリング
,labeling,,ラベル
,labelled,,ラベリング
,labelling,,ラベル
,labels,機構 ,
mechanism ,,,メカニズム 
,mechanisms ,一目瞭然,
obvious,,,明らかに
,obviously,占める ,
occupy ,,,駐屯
,occupancy,,乗員
,occupant,,乗員
,occupants,,職業 
,occupation ,,労働  
,occupational  ,,職業 
,occupations ,,忙しい
,occupied,,占有者
,occupier,,占領 
,occupiers ,,占める 
,occupies ,,占領 
,occupying ,オプション,
option,,,随意
,optional,,オプション
,options,アウトプット,
output,,,出力
,outputs,全 ,
overall ,,並列,
parallel,,,比類
,paralleled,,パラレル
,parallelled,,パラレルリング
,parallelling,,平行線
,parallels,,無双
,unparalleled,パラメーター,
parameter,,,パラメーター
,parameters,位相,
phase,,,フェイズド
,phased,,フェーズ
,phases,,位相
,phasing,予言する,
predict,,,予測
,predictability,,予測できる
,predictable,,予想 通り
,predictably,,予測
,predicted,,予測
,predicting,,予測
,prediction,,予測
,predictions,,予測
,predicts,,予測 
,unpredictability ,,予測できない
,unpredictable,校長,
principal,,,主
,principally,事前,
prior,,プロ,
professional,,,プロ
,professionally,,専門家
,professionals,,プロ 意識
,professionalism,プロジェクト,
project,,,投影
,projected,,突き出た
,projecting,,投射
,projection,,予測
,projections,,プロジェクト
,projects,進める,
promote,,,昇格
,promoted,,プロモーター
,promoter,,プロモーター
,promoters,,促進
,promotes,,推進
,promoting,,振興
,promotion,,プロモーション
,promotions,ちせい,
regime,,,体制
,regimes,解決する ,
resolve ,,,解決 
,resolution ,,解決
,resolved,,解決 
,resolves ,,解決
,resolving,,未解決
,unresolved,保つ,
retain,,,保持
,retained,,保持
,retaining,,家来
,retainer,,家臣
,retainers,,保持
,retains,,保持
,retention,,保持
,retentive,級数,
series,,統計 ,
statistic ,,,統計学者
,statistician,,統計
,statisticians,,統計的 
,statistical ,,統計的 
,statistically ,,統計学 
,statistics ,地位,
status,,ストレス,
stress,,,緊張した
,stressed,,応力
,stresses,,ストレス
,stressful,,強調
,stressing,,ストレスなし
,unstressed,後続,
subsequent,,,その後
,subsequently,和,
sum,,,合計
,summation,,合計
,summed,,合計
,summing,,合計
,sums,概要,
summary,,,要約
,summaries,,要約
,summarise,,要約
,summarised,,要約
,summarises,,要約
,summarising,,要約
,summarisation,,要約
,summarisations,,要約
,summarization,,要約
,summarizations,,要約
,summarize,,要約
,summarized,,まとめた もの です
,summarizes,,要約
,summarizing,引き受ける,
undertake,,,実施 
,undertaken ,,引き受ける
,undertakes,,企業 
,undertaking ,,引き受けた
,undertook,,
,,,
,,,
,,,
,,アカデミックワードリストのサブリスト5 ,
Sublist 5 of the Academic Word List ,,,
,,,
,,アカデミー,
academy,,,アカデミー
,academia,,アカデミック 
,academic ,,学問 
,academically ,,学者 
,academics ,,アカデミー
,academies,調整する ,
adjust ,,,調整 
,adjusted ,,調整 
,adjusting ,,調整  
,adjustment  ,,調整 
,adjustments ,,調整  
,adjusts  ,,調整 
,readjust ,,再調整 
,readjusted ,,再調整 
,readjusting ,,再調整 
,readjustment ,,再調整 
,readjustments ,,再調整 
,readjusts ,変える  ,
alter  ,,,変えられる 
,alterable ,,改変 
,alteration ,,変更 
,alterations ,,変更 
,altered ,,変更 
,altering ,,オルタネイト 
,alternate ,,交番  
,alternating  ,,変更  
,alters  ,,不変 
,unalterable ,,無修正 
,unaltered ,改める ,
amend ,,,改正 
,amended ,,改正 
,amending ,,改正 
,amendment ,,改正 
,amendments ,,補償 
,amends ,認識 ,
aware ,,,意識  
,awareness  ,,知らない 
,unaware ,能力  ,
capacity  ,,,容量 
,capacities ,,無力化
,incapacitate,,無力
,incapacitated,挑戦 ,
challenge ,,,挑戦 
,challenged ,,挑戦者 
,challenger ,,挑戦 
,challengers ,,課題 
,challenges ,,挑戦 
,challenging ,条項 ,
clause ,,,句 
,clauses ,化合物 ,
compound ,,,配合 
,compounded ,,配合 
,compounding ,,化合 物 
,compounds ,葛藤 ,
conflict ,,,競合 
,conflicted ,,競合 
,conflicting ,,競合 
,conflicts ,相談 ,
consult ,,,コンサルティング 
,consultancy ,,コンサルタント 
,consultant ,,コンサルタント 
,consultants ,,相談 
,consultation ,,相談
,consultations,,協議 
,consultative ,,相談 
,consulted ,,相談
,consults,,コンサルティング 
,consulting ,接触 ,
contact ,,,接触可能 
,contactable ,,連絡 
,contacted ,,連絡 
,contacting ,,連絡先 
,contacts ,断る ,
decline ,,,減少 
,declined ,,低下 
,declines ,,下火 
,declining ,離散的 ,
discrete ,,,離散 
,discretely ,,裁量 
,discretion ,,随意 
,discretionary ,,詮索 
,indiscrete ,,不心得 
,indiscretion ,ドラフト ,
draft ,,,起草 
,drafted ,,起案 
,drafting ,,下書き  
,drafts  ,,再投稿 
,redraft ,,再ドラフト 
,redrafted ,,リドラフト 
,redrafting ,,再ドラフト 
,redrafts ,エネーブル ,
enable ,,,有効 
,enabled ,,可能 
,enables ,,有効にする 
,enabling ,エネルギー ,
energy ,,,エネルギッシュ 
,energetic ,,奮って 
,energetically ,,エネルギー 
,energies ,適用 ,
enforce ,,,適用 
,enforced ,,実施  
,enforcement  ,,強制
,enforces,,強制 
,enforcing ,実体 ,
entity ,,,エンティティ 
,entities ,同等 ,
equivalent ,,,等価 
,equivalence ,進化  ,
evolve  ,,,進化
,evolution,,進化 
,evolved ,,進化 
,evolving ,,進化 
,evolves ,,進化 
,evolutionary ,,進化論者 
,evolutionist ,,進化 論 
,evolutionists ,膨らむ ,
expand ,,,拡大 
,expanded ,,拡大 
,expanding ,,拡大 
,expands ,,拡張 
,expansion ,,拡張 
,expansionism ,,濊 
,expansive ,晒す  ,
expose  ,,,露 
,exposed ,,公開  
,exposes  ,,摘発 
,exposing ,,接触 
,exposure ,,エクスポー ジャー
,exposures,外  ,
external  ,,,外部化 
,externalisation ,,アウトソーシング 
,externalise ,,外部化 
,externalised ,,アウトソーシング 
,externalises ,,外部化 
,externalising ,,外部性
,externality,,外部 
,externalization ,,外部 
,externalize ,,外部化 
,externalized ,,外部化 
,externalizes ,,外部 
,externalizing ,,外部 
,externally ,容易 ,
facilitate ,,,促進 
,facilitated ,,容易 
,facilitates ,,設備  
,facilities  ,,促進 
,facilitating ,,促進 
,facilitation ,,ファシリテーター 
,facilitator ,,ファシリテーター 
,facilitators ,,施設 
,facility ,基本 ,
fundamental ,,,基本的 
,fundamentally ,生成する ,
generate ,,,生成  
,generated  ,,生成 
,generates ,,生成 
,generating ,世  ,
generation  ,,,世代  
,generations  ,画像 ,
image ,,,画像 
,imagery ,,画像 
,images ,リベラル,
liberal,,,自由化 
,liberalise ,,自由主義
,liberalism,,自由化 
,liberalisation ,,自由化
,liberalised,,自由化
,liberalises,,自由化 
,liberalising ,,自由化 
,liberalization ,,自由化
,liberalize,,自由化
,liberalized,,自由化
,liberalizes,,自由化
,liberalizing,,解き放す 
,liberate ,,解放 
,liberated ,,解放
,liberates,,解放
,liberation,,解放 
,liberations ,,解放
,liberating,,リベレーター
,liberator,,解放
,liberators,,自由 
,liberally ,,自由主義 者 
,liberals ,ライセンス ,
licence ,,,ライセンス 
,licences ,,ライセンス 
,license ,,ライセンス 
,licensed ,,ライセンス 
,licensing ,,ライセンス
,licenses,,無免許の 
,unlicensed ,論理 ,
logic ,,,支離滅裂な 
,illogical ,,非論理的 
,illogically ,,合理的 
,logical ,,元来 
,logically ,,論理学者
,logician,,論理学者
,logicians,余地 ,
margin ,,,限界 
,marginal ,,わずか 
,marginally ,,余白 
,margins ,メディカル ,
medical ,,,医学 
,medically ,精神 ,
mental ,,,メンタリティー 
,mentality ,,精神的に 
,mentally ,修飾する ,
modify ,,,修正  
,modification  ,,変遷 
,modifications ,,変更 
,modified ,,変更 
,modifies ,,変更 
,modifying ,,未変更 
,unmodified ,モニター ,
monitor ,,,監視 
,monitored ,,モニタリング  
,monitoring  ,,モニター 
,monitors ,,監視対象外 
,unmonitored ,ネットワーク ,
network ,,,ネットワーク 
,networked ,,ネットワーキング 
,networking ,,ネットワーク 
,networks ,概念 ,
notion ,,,概念 
,notions ,目的  ,
objective  ,,,客観的 
,objectively ,,客観性 
,objectivity ,オリエント ,
orient ,,,オリエンテッド
,orientate,,志向
,orientated,,オリエンテーション
,orientates,,オリエンテーション
,orientation,,配向
,orientating,,オリエンテッド 
,oriented ,,定位 
,orienting ,,方向づける 
,orients ,,方向 
,reorient ,,方向 転換 
,reorientation ,パースペクティブ ,
perspective ,,,視点  
,perspectives  ,正確 ,
precise ,,,不明確 
,imprecise ,,丁度 
,precisely ,,精度 
,precision ,盛り ,
prime ,,,優位 性 
,primacy ,心理学  ,
psychology  ,,,サイコロジカル 
,psychological ,,心理 的  
,psychologically  ,,心理学者  
,psychologist  ,,心理 学 者  
,psychologists  ,追う ,
pursue ,,,追求 
,pursued ,,追求 
,pursues ,,追求 
,pursuing ,,追求 
,pursuit ,,追求 
,pursuits ,比 ,
ratio ,,, 比 
, ratios ,リジェクト ,
reject ,,,拒否 
,rejected ,,拒否 
,rejecting ,,拒絶 
,rejection ,,拒否 
,rejects ,,拒否 
,rejections ,収入 ,
revenue ,,,収益 
,revenues ,厩 ,
stable ,,,不安定 
,instability ,,安定 化
,stabilisation,,安定 
,stabilise ,,安定 化 
,stabilised ,,安定 化 
,stabilises ,,安定 化 
,stabilising ,,安定化
,stabilization,,安定 
,stabilize ,,安定 化 
,stabilized ,,安定 
,stabilizes ,,安定 化 
,stabilizing ,,安定性 
,stability ,,不安定 
,unstable ,スタイル ,
style ,,,スタイル 
,styled ,,スタイル 
,styles ,,スタイリング
,styling,,格好いい
,stylish,,スタイライズ
,stylise,,スタイライズド
,stylised,,定型 化 された
,stylises,,スタイリッシング
,stylising,,スタイライズ
,stylize,,定型 化 された
,stylized,,スタイライズ
,stylizes,,スタイライズ
,stylizing,代える ,
substitute ,,,置換 
,substituted ,,代替 
,substitutes ,,代入 
,substituting ,,代入  
,substitution  ,サスティン ,
sustain ,,,持続可能
,sustainable,,サステナビリティ  
,sustainability  ,,持続 
,sustained ,,維持 
,sustaining ,,支える 
,sustains ,,糧
,sustenance,,持続 
,unsustainable ,記号 ,
symbol ,,,シンボリック 
,symbolic ,,象徴 
,symbolically ,,象徴 
,symbolise ,,象徴 
,symbolises ,,象徴 
,symbolised ,,象徴 
,symbolising ,,象徴主義 
,symbolism ,,象徴
,symbolize,,象徴
,symbolized,,象徴
,symbolizes,,象徴
,symbolizing,,シンボル 
,symbols ,ターゲット ,
target ,,,ターゲット 
,targeted ,,ターゲット 
,targeting ,,ターゲット 
,targets ,トランシット  ,
transit  ,,,トランジット 
,transited ,,通過 
,transiting ,,遷移  
,transition  ,,過渡期の 
,transitional ,,遷移 
,transitions ,,はかない 
,transitory ,,通過 
,transits ,トレンド ,
trend ,,,動向 
,trends ,バージョン ,
version ,,,バージョン 
,versions ,福祉 ,
welfare ,,一方 ,
whereas ,,,
,,,
,,,
,,,
,,アカデミックワードリストのサブリスト6,
,,,
Sublist 6 of the Academic Word List,,,
,,要約 ,
,,,アブストラクション 
abstract ,,,抽象 化 
,abstraction ,,抽象的 
,abstractions ,,抄録 
,abstractly ,正確 ,
,abstracts ,,精度
accurate ,,,きちんと 
,accuracy,,不正確 
,accurately ,,誤り 
,inaccuracy ,,不明確 
,inaccuracies ,承認する ,
,inaccurate ,,認めた 
acknowledge ,,,認める 
,acknowledged ,,認め 
,acknowledges ,,承認 
,acknowledging ,,謝辞 
,acknowledgement ,骨材  ,
,acknowledgemens ,,集計 
aggregate  ,,,集計 
,aggregated ,,集約 
,aggregates ,,集合体 
,aggregating ,割り当てる ,
,aggregation ,,割り当て られた 
allocate ,,,割り当てます 
,allocated ,,割り当てる 
,allocates ,,割り当て 
,allocating ,,手当 
,allocation ,割り当てる ,
,allocations ,,割り当て られた 
assign ,,,割り当てる 
,assigned ,,割り当て 
,assigning ,,割り当て 
,assignment ,,割り当てます 
,assignments ,,割り当て 
,assigns ,,割り当て 
,reassign ,,割り当て 
,reassigned ,,再 
,reassigning ,,未割り当て 
,reassigns ,添付する ,
,unassigned ,,付属 
attach ,,,ファスナー 
,attached ,,アタッチ 
,attaches ,,愛着 
,attaching ,,添付 ファイル 
,attachment ,,未接続 
,attachments ,著者 ,
,unattached ,,作成 
author ,,,オーサリング 
,authored ,,著者 
,authoring ,,原作 者 
,authors ,債券 ,
,authorship ,,結合 
bond ,,,ボンディング 
,bonded ,,絆 
,bonding ,短 ,
,bonds ,,簡潔 
brief ,,,ブリーフィング 
,brevity ,,ブリーフィング 
,briefed ,,一通り
,briefing ,,ブリーフ 
,briefly,有能 ,
,briefs ,,資格  
capable ,,,力 
,capabilities  ,,できない 
,capability ,引用  ,
,incapable ,,引用
cite  ,,,引用
,citation,,引用 
,citations,,引用  
,cited ,,引用 
,citing  ,協力する ,
,cites ,,協力 
cooperate ,,,協力 
,cooperated ,,協力
,cooperates ,,協力 
,cooperating,,協同組合  
,cooperation ,,協調
,cooperative  ,,協力する 
,cooperatively,,協力 
,co-operate ,,協力 
,co‑operated ,,協力 
,co‑operates ,,協同組合  
,co‑operation ,,協調 
,co‑operative  ,差別する ,
,co‑operatively ,,差別 
discriminate ,,,差別 
,discriminated ,,識別 
,discriminates ,,差別  
,discriminating ,陳列 ,
,discrimination  ,,表示 
display ,,,表示 
,displayed ,,表示 
,displaying ,多様  ,
,displays ,,多様に 
diverse  ,,,万状 
,diversely ,,多様 化 
,diversification ,,多様 化 
,diversified ,,多様化する 
,diversifies ,,多様 化 
,diversify ,,多様性 
,diversifying ,ドメイン ,
,diversity ,,ドメイン  
domain ,,編集,
,domains  ,,編集
edit,,,編集 
,edited,,版 
,editing ,,エディション 
,edition ,,編集者 
,editions ,,社説 
,editor ,,社説 
,editorial ,,エディター 
,editorials ,,編集
,editors ,強化 ,
,edits,,強化 
enhance ,,,エンハンスメント 
,enhanced ,,強化 
,enhancement ,,強化 
,enhances ,エステート ,
,enhancing ,,団地 
estate ,,越える ,
,estates ,,超過 
exceed ,,,超える 
,exceeded ,,超える 
,exceeding ,達人 ,
,exceeds ,,ノウハウ 
expert ,,,巧妙
,expertise ,,専門家 
,expertly,暁 ,
,experts ,,明示的  
explicit ,,フェデラル ,
,explicitly  ,,フェデレーション 
federal ,,,連合 
,federation ,料金 ,
,federations ,,手数料 
fee ,,フレキシブル ,
,fees ,,柔軟性 
flexible ,,,柔軟性 
,flexibility ,,不撓不屈 
,inflexible ,その上 ,
,inflexibility ,ジェンダー ,
furthermore ,,,性別 
gender ,,うとい,
,genders ,,無知
ignorant,,,不問に付す 
,ignorance,,無視 
,ignore ,,無視 
,ignored ,,無視 
,ignores ,動機 ,
,ignoring ,,誘因  
incentive ,,発生,
,incentives  ,,事件  
incidence,,,因みに 
,incident  ,,事件 
,incidentally ,盛り込む ,
,incidents ,,組み込ま れて 
incorporate ,,,組み込む 
,incorporated ,,組み込む  
,incorporates ,,設立 
,incorporating  ,インデックス ,
,incorporation ,,インデックス 付き 
index ,,,索引 
,indexed ,,インデキシング 
,indexes ,抑止 ,
,indexing ,,阻害 
inhibit ,,,抑制 
,inhibited ,,制止 
,inhibiting ,,抑制 
,inhibition ,,抑制 
,inhibitions ,始める ,
,inhibits ,,開始 
initiate ,,,開始 
,initiated ,,開始 
,initiates ,,イニシエーション 
,initiating ,,イニシエーション
,initiation ,,イニシアチブ 
,initiations,,取り組み  
,initiative ,,イニシエータ
,initiatives  ,,イニシエーター
,initiator,インプット ,
,initiators,,入力 
input ,,教える ,
,inputs ,,命令
instruct ,,,指示 
,instruction,,指示 
,instructed ,,指示 
,instructing ,,教育的な 
,instructions ,,インストラクター 
,instructive ,,インストラクター
,instructor ,,指示 
,instructors,賢い ,
,instructs ,,知性
intelligent ,,,インテリジェント 
,intelligence,,知能がない 
,intelligently ,間 ,
,unintelligent ,,間隔 
interval ,,講義 ,
,intervals ,,講義 
lecture ,,,講師 
,lectured ,,講師 
,lecturer ,,講義 
,lecturers ,,講義 
,lectures ,マイグレート  ,
,lecturing ,,渡り鳥 
migrate  ,,,移民 
,migrant ,,移行 
,migrants ,,移行 
,migrated ,,移行 
,migrates ,,移動 
,migrating ,,移行 
,migration ,,渡り鳥 
,migrations ,最低限 ,
,migratory ,省 ,
minimum ,,,ミニスター
ministry ,,,世話
,ministered,,閣僚 
,ministering,,省庁  
,ministerial ,動機,
,ministries  ,, 動機を与える 
motive,,,動機 
, motivate ,,動機 
,motivated ,,やる気 
,motivates ,,モチベーション 
,motivating ,,動機
,motivation ,,動機 
,motivations,,やる気 
,motives ,ニュートラル ,
,unmotivated ,,中和
neutral ,,,中和 
,neutralisation,,中和 
,neutralise ,,中和 
,neutralised ,,中和 
,neutralises ,,中立
,neutralising ,,中和
,neutrality,,中和する 
,neutralization,,中和 
,neutralize ,,中和 
,neutralized ,,中和 
,neutralizes ,其れでも   ,
,neutralizing ,海外  ,
nevertheless   ,,先んじる ,
overseas  ,,,先行 
precede ,,,順位 
,preceded ,,判例 
,precedence ,,前 
,precedent ,,先行 
,precedes ,,空前 
,preceding ,察する ,
,unprecedented ,,おそらく  
presume ,,,推定 
,presumably  ,,前提 
,presumed ,,推定 
,presumes ,,推定 
,presuming ,,推定 
,presumption ,,烏滸がましい
,presumptions ,合理的 ,
,presumptuous,,不合理 
rational ,,,合理化
,irrational ,,合理化
,rationalisation,,合理化 
,rationalisations,,合理化 
,rationalise ,,合理化 
,rationalised ,,合理化 
,rationalises ,,合理主義
,rationalising ,,合理性
,rationalism,,合理化
,rationality,,合理化
,rationalization,,合理化 
,rationalizations,,合理化 
,rationalize ,,合理化
,rationalized ,,合理的
,rationalizes,回復する ,
,rationally,,回復 
recover ,,,回復 
,recoverable ,,回復 
,recovered ,,回復
,recovering ,,回復 
,recovers,明かす ,
,recovery ,,明らか 
reveal ,,,明らか 
,revealed ,,明らか 
,revealing ,,暴露 
,reveals ,,啓示 
,revelation ,スコープ ,
,revelations ,下付金 ,
scope ,,,子会社 
subsidy ,,,補助 金 
,subsidiary ,,補助金 
,subsidies ,,補助金 
,subsidise ,,補助金 
,subsidised ,,補助金 
,subsidises ,,補助
,subsidising ,,補助 金 
,subsidize,,補助金を支給します 
,subsidized ,,補助 
,subsidizes ,テープ ,
,subsidizing ,,録音 
tape ,,,テープ 
,taped ,,テーピング 
,tapes ,跡 ,
,taping ,,追跡 
trace ,,,トレース 
,traceable ,,トレース 
,traced ,,トレーシング 
,traces ,変形する ,
,tracing ,,変換 
transform ,,,変換 
,transformation ,,変換  
,transformations ,,変換 
,transformed  ,,変換 
,transforming ,輸送  ,
,transforms ,,運輸 
transport  ,,,輸送 
,transportation ,,トランスポーター   
,transported ,,トランスポーター 
,transporter   ,,輸送 
,transporters ,,輸送 
,transporting ,根底 ,
,transports ,,アンダーレイ
underlie ,,,根底 
,underlay,,基底 
,underlies ,利用 ,
,underlying ,,使い 
utilise ,,,利用 
,utilisation ,,使う
,utilised ,,活用
,utilises,,使う
,utilising,,使う 
,utiliser,,効用 
,utilisers ,,ユーティリティ 
,utility ,,利用 
,utilities ,,用いる 
,utilization ,,利用 
,utilize ,,利用 
,utilized ,,利用
,utilizes ,,
,utilizing,,
,,,
,,,
,,アカデミックワードリストのサブリスト7,
,,,
,,,
Sublist 7  of the Academic Word List,, 適応する  ,
,,,適応性 
,,,適応 
 adapt  ,,,適応 
,adaptability ,,適応 
,adaptable ,,適応 
,adaptation ,,適応  
,adaptations ,,アダプティヴ 
,adapted ,,アダプツ 
,adapting  ,大人 ,
,adaptive ,,成人であること 
,adapts ,,大人 
adult ,,説く ,
,adulthood ,,提唱 
,adults ,,提唱 
advocate ,,,支持 者 
,advocacy ,,提唱 
,advocated ,援助 ,
,advocates ,,支援 
,advocating ,,支援 
aid ,,,エイズ 
,aided ,,介助なし 
,aiding ,チャンネル ,
,aids ,,チャネリング 
,unaided ,,チャネリング 
channel ,,,チャンネル 
,channelled ,ケミカル,
,channelling ,,化学 
,channels ,,化学薬品 
chemical,,クラシック ,
,chemically ,,クラシック 
,chemicals ,,クラシック 
classic ,,総合的 ,
,classical ,,総合的  
,classics ,理解 ,
comprehensive ,,,構成 
,comprehensively  ,,含ま 
comprise ,,,網羅 
,comprised ,確認する ,
,comprises ,,確認 
,comprising ,,確認 
confirm ,,,はんめい 
,confirmation ,,確認 
,confirmed ,逆 ,
,confirming ,,裏腹 
,confirms ,コンバート ,
contrary ,,,換算 
,contrarily ,,変換 
convert ,,,変換 
,conversion ,,オープンカー 
,conversions ,,変換 
,converted ,,変換 
,convertible ,二人 ,
,converting ,,結合 
,converts ,,結合 
couple ,,,カップル 
,coupled ,十年 ,
,coupling ,,数 十 年 
,couples ,明確,
decade ,,,必ず
,decades ,,決定的
definite,,,不定
,definitely,,無期限
,definitive,打ち消す ,
,indefinite,,否認可能 
,indefinitely,,拒否
deny ,,,否定
,deniable ,,拒否 
,denial,,拒否  
,denials,,否定 
,denied ,,否めない 
,denies  ,微分する  ,
,denying ,,区別  
,undeniable ,,区別 
differentiate  ,,,差別 化 
,differentiated  ,,区別  
,differentiates ,廃棄,
,differentiating ,,使い捨て 
,differentiation  ,,廃棄 
dispose,,,破棄 
,disposable ,,配置 
,disposal ,,処分 
,disposed ,動的 ,
,disposes ,,動的 
,disposing ,,動力学
dynamic ,,鉏 ,
,dynamically ,,排除 
,dynamics,,排除 
eliminate ,,,排除 
,eliminated ,,除去 
,eliminates ,実証的  ,
,eliminating ,,経験的 
,elimination ,,経験論 
empirical  ,,装備する   ,
,empirically ,,備品 
,empiricism ,,装備 
equip   ,,,装着 
,equipment ,,装備 
,equipped ,抜く ,
,equipping ,,抽出 
,equips ,,抽出 
extract ,,,抽出 
,extracted ,,抽出 
,extracting ,ファイル ,
,extraction ,,提出 
,extracts ,,ファイル  
file ,,,出願 
,filed ,有限 ,
,files  ,,無限 
,filing ,,無限 
finite ,,財団  ,
,infinite ,,基礎  
,infinitely ,球,
foundation  ,,, グローバル
,foundations  ,,グローバル 
globe,,,グローバリゼーション 
, global,,グローバリゼーション 
,globally ,等級 ,
,globalisation ,,傾斜  
,globalization ,,成績 
grade ,,,採点 
,graded  ,保証 ,
,grades ,,折り紙付き 
,grading ,,保証 
guarantee ,,,保証 
,guaranteed ,階層,
,guaranteeing ,,階層  
,guarantees ,,階層 
hierarchy,,同じ  ,
,hierarchical  ,,同様に 
,hierarchies ,イデオロギー ,
identical  ,,,イデオロギー 
,identically ,,イデオロギー 
ideology ,,,イデオロギー 
,ideological ,推す ,
,ideologically ,,推論 
,ideologies ,,推論 
infer ,,,推論 
,inference ,,推論 
,inferences ,,推論   
,inferred ,革新 ,
,inferring ,,革新
,infers   ,,革新
innovate ,,,革新
,innovation,,革新
,innovated,,技術 革新 
,innovates,,革新 
,innovating,,イノベーター 
,innovations ,,イノベーター 
,innovative ,挿入する ,
,innovator ,,挿入 
,innovators ,,挿入 
insert ,,,挿入 
,inserted ,,挿入 
,inserting ,介入 ,
,insertion ,,介入
,inserts ,,介入
intervene ,,,間にある 
,intervened,,介入 
,intervenes,,介入 
,intervening ,隔離する ,
,intervention ,,分離 
,interventions ,,分離 
isolate ,,,分離 
,isolated ,,隔離 
,isolates ,,孤立主義 
,isolating ,メディア ,
,isolation ,モード ,
,isolationism ,,モード
media ,,パラダイム ,
mode ,,,パラダイム 
,modes,現象 ,
paradigm ,,,現象 
,paradigms ,,驚異
phenomenon ,,優先権 ,
,phenomena ,,優先 順位 
,phenomenal,,優先順位付け 
priority ,,,優先順位付け 
,priorities ,,優先順位付け 
,prioritisation ,,優先順位付け 
,prioritise ,,優先順位付け 
,prioritised ,,優先順位付け 
,prioritises ,,優先 順位 
,prioritising ,,優先 順位 
,prioritization ,,優先 順位 
,prioritize ,,優先 順位 付け 
,prioritized ,禁止する ,
,prioritizes ,,禁じられた 
,prioritizing ,,禁止 
prohibit ,,,禁止 
,prohibited ,,禁止 
,prohibiting ,,禁止 
,prohibition ,,禁止 
,prohibitions ,出版  ,
,prohibitive ,,出版 物  
,prohibits ,引用する ,
publication  ,,,引用 
,publications  ,,引用 
quote ,,,引用 
,quotation ,,引用符  
,quotations ,,引用  
,quoted ,解放 ,
,quotes  ,,リリース 
,quoting  ,,リリース 
release ,,,リリース 
,released ,逆 ,
,releases ,,逆転 
,releasing ,,さかさ 
reverse ,,,反転 
,reversal ,,リバーシブル 
,reversed ,,反転 
,reverses ,,逆転 
,reversible ,,不可逆 
,reversing ,シミュレートする ,
,reversals ,,シミュレーション 
,irreversible ,,シミュレーション 
simulate ,,,シミュレーション 
,simulated ,,シミュレーション  
,simulates ,ソール ,
,simulating ,,一に 
,simulation  ,なんとか ,
sole ,,送信,
,solely ,,提出 
somewhat ,,,提出 
submit,,,送信  
,submission ,,提出 
,submissions ,,提出 
,submits  ,後継 ,
,submitted ,,承継 
,submitting ,,団地 
successor ,,,後続 
,succession ,,逐次 
,successions ,,後継 者 
,successive ,生き延びる ,
,successively ,,生存 
,successors ,,生き残った 
survive ,,,存続 
,survival ,,存続 
,survived ,,生存者 
,survives ,,生存 者 
,surviving ,論文 ,
,survivor ,,論文 
,survivors ,話題 ,
thesis ,,,局所 
,theses ,,トピック 
topic ,,伝える ,
,topical ,,感染  
,topics ,,トランス ミッション 
transmit ,,,伝わる 
,transmission  ,,送信 
,transmissions ,,送信 
,transmitted ,究極 ,
,transmitting ,,最近  
,transmits ,ユニーク ,
ultimate ,,,一意 
,ultimately  ,,独特 
unique ,,目に見える ,
,uniquely ,,可視
,uniqueness ,,目に見えて 
visible ,,,インビジブル 
,visibility,,不可視 
,visibly ,自発的 ,
,invisible ,,進んで 
,invisibility ,,ボランティア 
voluntary ,,,志願 
,voluntarily ,,ボランティア 
,volunteer ,,ボランティア 
,volunteering ,,
,volunteered ,,
,volunteers ,アカデミックワードリストのサブリスト8,
,,,
,,,
Sublist 8 of the Academic Word List,,捨てる ,
,,,放棄 
,,,放棄 
abandon ,,,放棄 
,abandoned ,,ドロップ アウト 
,abandoning ,召し連れる ,
,abandonment ,,伴う 
,abandons ,,伴う 
accompany ,,,伴奏 
,accompanied ,,供奉 
,accompanies ,,別送 
,accompaniment ,溜める ,
,accompanying ,,蓄積 
,unaccompanied ,,蓄積 
accumulate ,,,蓄積  
,accumulated ,,蓄積 
,accumulating ,紛らわしい ,
,accumulation  ,,あいまい さ 
,accumulates ,,曖昧さ 
ambiguous ,,,一義的 
,ambiguities ,,明確 
,ambiguity ,追加,
,unambiguous ,,虫垂
,unambiguously ,,追加
append,,,追加
,appendix,,貼付
,appended,,付録 
,appends,,付録 
,appending,感謝する ,
,appendices ,,かなり 
,appendixes ,,かなり 
appreciate ,,,感謝 
,appreciable ,,高く 評価 
,appreciably ,,鑑賞 
,appreciated ,,鑑賞  
,appreciates ,,評価されない 
,appreciating ,任意  ,
,appreciation  ,,恣意
,unappreciated ,,任意に 
arbitrary  ,,自動化 ,
,arbitrariness,,自動
,arbitrarily ,,自動
automate ,,,自動化
,automatic,,オートメーション 
,automated,,自動的に 
,automates,,オートメーション 
,automating ,バイアス ,
,automatically ,,詖 
,automation ,,バイアス 
bias ,,,バイアス 
,biased ,,公平 
,biases ,チャート ,
,biasing ,,チャート 
,unbiased ,,チャート 
chart ,,,グラフ  
,charted ,,未知の 
,charting ,闡 ,
,charts  ,,解明 
,uncharted ,,明らか 
clarify ,,,明らか 
,clarification ,,明らか 
,clarified ,,明快
,clarifies ,商品 ,
,clarifying ,,商品 
,clarity,補語 ,
commodity ,,,補完 
,commodities ,,補完 
complement ,,,補完 
,complementary ,,補完 
,complemented ,従う ,
,complementing ,,適合可能
,complements ,,適合性
conform ,,,準拠
,conformable,,立体配座
,conformability,,適合 
,conformance,,準拠 
,conformation,,順応
,conformed ,,コンフォーミスト
,conforming ,,適合 
,conformist,,準拠 
,conformists,,異端児 
,conformity ,,非国教徒 
,conforms ,,不適合 
,nonconformist ,,不適合者 
,nonconformists ,,非国教徒 
,nonconformity ,,不適合  
,non-conformist ,コンテンポラリー ,
,non-conformists ,,時代 
,non-conformity  ,反する ,
contemporary ,,,矛盾 
,contemporaries ,,矛盾 
contradict ,,,矛盾 
,contradicted ,,矛盾  
,contradicting ,,矛盾  
,contradiction ,,否定 
,contradictions  ,肝要 ,
,contradictory  ,,重大 
,contradicts ,通貨 ,
crucial ,,, 通貨 
,crucially ,示す     ,
currency ,,,外延 
, currencies ,,表示 
denote     ,,,示される 
,denotation ,,示します
,denotations ,,示す 
,denoted ,見付ける ,
,denotes,,検出可能 
,denoting ,,検出 
detect ,,,検波 
,detectable ,,検出 
,detected ,,探偵 
,detecting ,,探偵 
,detection ,,ディテクター 
,detective ,,検出 器 
,detectives ,,検出 
,detector ,逸脱  ,
,detectors ,,逸脱 
,detects ,,逸脱 
deviate  ,,,逸脱 
,deviated ,,偏差 
,deviates ,,偏差 
,deviating ,変位 ,
,deviation ,,避難 
,deviations ,,排水量 
displace ,,,変位 
,displaced ,,変位 
,displacement ,ドラマ ,
,displaces ,,ドラマ 
,displacing ,,劇的 
drama ,,,劇的  
,dramas ,,ドラマチック  
,dramatic ,,ドラマ化 
,dramatically  ,,ドラマ化
,dramatise  ,,ドラマチック  
,dramatised ,,脚色  
,dramatising,,ドラマ化
,dramatises  ,,劇作家 
,dramatisation  ,,劇作家 
,dramatisations,,脚色 
,dramatist ,,ドラマ化
,dramatists ,,脚色 
,dramatization ,,脚色 
,dramatizations,,ドラマ化する 
,dramatize ,,演出 
,dramatized ,最終的 ,
,dramatizes ,,不測 
,dramatizing ,,結局  
eventual ,,展示 ,
,eventuality ,,展示 
,eventually  ,,展示 
exhibit ,,,展示 
,exhibited ,,展示 会 
,exhibiting ,,パレード 
,exhibition ,搾り取る ,
,exhibitions ,,搾取  
,exhibits ,,悪用 
exploit ,,,悪用 
,exploitation  ,,悪用 
,exploited ,動く ,
,exploiting ,,変動 
,exploits ,,変動 
fluctuate ,,,変動 
,fluctuated ,,変動 
,fluctuates ,,変動  
,fluctuating ,ガイドライン ,
,fluctuation ,,ガイドライン  
,fluctuations  ,ハイライト ,
guideline ,,,強調  
,guidelines  ,,強調 表示 
highlight ,,,ハイライト 
,highlighted  ,暗黙の ,
,highlighting ,,暗黙的 
,highlights ,徠 ,
implicit ,,,誘導 
,implicitly ,,誘導 
induce ,,,誘導 
,induced ,,誘導 
,induces ,必至 ,
,inducing ,,必然 
,induction ,,必然的に 
inevitable ,,インフラ  ,
,inevitability ,,インフラ  
,inevitably ,検査する ,
infrastructure  ,,,検査 
,infrastructures  ,,実検 
inspect ,,,検査  
,inspected ,,検査
,inspecting ,,インスペクター 
,inspection  ,,検査 官 
,inspections,,検査 
,inspector ,きつい ,
,inspectors ,,激しく 
,inspects ,,強烈さ
intense ,,,激化 
,intensely ,,激化 
,intenseness,,激化 
,intensification ,,深まる 
,intensified ,,激化
,intensifies ,,意図 
,intensify ,,強度 
,intensifying,,インテンシブ 
,intension ,,集中
,intensity ,操る ,
,intensive ,,操作 
,intensively,,操作 
manipulate ,,,操作
,manipulated ,,マニピュレーション  
,manipulates ,,操作 
,manipulating,,操作的 
,manipulation  ,最小限 ,
,manipulations ,,最小 化 
,manipulative ,,最小 化 
minimise ,,,最小限 
,minimised ,,最小化する 
,minimises ,,最小 化 
,minimising ,,最小 化 
,minimize ,,最小 化 
,minimized ,核 ,
,minimizes ,相殺 ,
,minimizing ,,オフセット 
nuclear ,,,相殺 
offset ,,段落 ,
,offsets ,,段落 
,offsetting ,,段落 
paragraph ,,プラス ,
,paragraphing ,,プラス 
,paragraphs ,開業医  ,
plus ,,,実務 家 
,pluses ,優勢 ,
practitioner  ,,,優勢
,practitioners ,,主 
predominant ,,,そびえる 
,predominance,,優勢 
,predominantly ,,優勢 
,predominate ,,優勢 
,predominated ,見通し ,
,predominates ,,プロスペクティブ 
,predominating ,,形勢 
prospect ,,部首 ,
,prospective ,,根本 
,prospects ,,ラジカル 
radical ,,ランダム ,
,radically ,,ランダム 
,radicals ,,無作為 
random ,,補強する ,
,randomly ,,強化 
,randomness ,,強化 
reinforce ,,,援兵 
,reinforced ,,強化 
,reinforcement ,,補強 
,reinforcements ,戻す ,
,reinforces ,,復旧 
,reinforcing ,,復元 
restore ,,,復元 
,restoration ,,復元 
,restored ,改める ,
,restores ,,改訂 
,restoring ,,改訂 
revise ,,,改正 
,revised ,,改定 
,revises ,,リビジョン 
,revising ,計画 ,
,revision ,,変更する 
,revisions ,,スケジュール 
schedule ,,,スケジュール変更 
,reschedule ,,スケジュール変更 
,rescheduled ,,予定 
,reschedules ,,スケジュール 
,rescheduling ,,スケジューリング 
,scheduled ,,不定期
,schedules ,時制 ,
,scheduling ,,緊張
,unscheduled,,激しく 
tense ,,,テンサー 
,tension,,テンセスト 
,tensely ,,緊張 
,tenser ,終了する ,
,tensest ,,ターミナル 
,tensions ,,端末 
terminate ,,,終了 
,terminal ,,終了 
,terminals ,,終了 
,terminated ,,終了 
,terminates ,,終端 
,terminating ,テーマ ,
,termination ,,テーマ 
,terminations ,,テーマ 
theme ,,,主題 
,themes ,それによって ,
,thematic ,制服 ,
,thematically ,,一律 
thereby ,,,万遍無く 
uniform ,,車 ,
,uniformity ,,車 
,uniformly ,経由 ,
vehicle ,,バーチャル ,
,vehicles ,,実際に 
via ,,ビジュアル ,
virtual ,,,視覚化する 
,virtually ,,視覚化
visual ,,,視覚化
,visualise ,,視覚化 
,visualised,,視覚化 
,visualising,,視覚化
,visualisation ,,可視 化
,visualize ,,視覚化 
,visualized,,視覚 
,visualizing,広く ,
,visualization ,,
,visually ,,
widespread ,,アカデミックワードリストのサブリスト9,
,,,
,,,
Sublist 9 of the Academic Word List,,収容 ,
,,,収容 
,,,収容 
accommodate ,,,収容 
,accommodated ,,収容 
,accommodates ,アナロジー ,
,accommodating ,,類似 
,accommodation ,,類似 
analogy ,,待つ ,
,analogies ,,予想  
,analogous ,,予想 
anticipate ,,,予想 
,anticipated  ,,予想 
,anticipates ,,予期 しない 
,anticipating ,請け合う ,
,anticipation ,,保険 
,unanticipated ,,保険 
assure ,,,保証 
,assurance ,,確実    
,assurances ,,保証 
,assured ,,保証 
,assuredly    ,到る  ,
,assures ,,達成 
,assuring ,,達成 
attain  ,,,達成 
,attainable ,,到達 
,attained ,,素養
,attaining ,,達成 
,attainment ,,及ばない 
,attainments,代わり ,
,attains ,嵩 ,
,unattainable ,,分厚い 
behalf ,,止める  ,
bulk ,,,停止 
,bulky ,,絶え間 ない 
cease  ,,,停止 
,ceased ,,中止 
,ceaseless ,コヒーレント ,
,ceases ,,辻褄
,ceasing ,,コヒーレント 
coherent ,,,支離滅裂 
,coherence,,支離滅裂 
,coherently ,一致 ,
,incoherent ,,一致 
,incoherently ,,一致 
coincide ,,,脗 
,coincided ,,符合 
,coincides ,,偶然
,coinciding ,,一致
,coincidence ,,偶然
,coincidences,開始 ,
,coincident,,開始 
,coincidental,,開始 
commence ,,,開始 
,commenced ,,開始 
,commences ,,繰り返す 
,commencement ,,再開しました 
,commencing ,,再開する 
,recommences ,コンパチ ,
,recommenced ,,互換性 
,recommencing ,,非 互換 性  
compatible ,,,相容れない  
,compatibility ,同時 ,
,incompatibility  ,,兼 
,incompatible  ,閉じ込める ,
concurrent ,,,狭い 
,concurrently ,,範囲 
confine ,,,拘束 
,confined ,,一軸 
,confines ,論争  ,
,confining ,,論争
,unconfined ,,論争 
controversy  ,,,論争 
,controversies,,余地 
,controversial ,語り合う ,
,controversially ,,逆に言えば 
,uncontroversial ,デバイス ,
converse ,,,デバイス 
,conversely ,捧げる ,
device ,,,忠実 
,devices ,,献身 的
devote ,,,充て 
,devoted ,,捧げる 
,devotedly,,帰依
,devotes ,,祈り
,devoting ,減らす ,
,devotion,,減少 
,devotions,,減少 
diminish ,,,減少 
,diminished ,,減る 
,diminishes ,,衰えない 
,diminishing ,歪める ,
,diminution ,,歪む 
,undiminished ,,歪曲 
distort ,,,歪み 
,distorted ,,歪み 
,distorting ,,歪め 
,distortion ,期間 ,
,distortions ,むしばむ ,
,distorts ,,侵食 
duration ,,,侵食 
erode ,,,浸食 
,eroded ,,侵食 
,erodes ,倫理  ,
,eroding ,,倫理的 
,erosion ,,倫理 的 
ethic  ,,,倫理 
,ethical ,,不道徳な 
,ethically ,形式 ,
,ethics ,,フォーマット 
,unethical ,,フォーマッティング 
format ,,,形式
,formatted ,設立する,
,formatting ,,設立 
,formats,,始祖
found,,,創設 者 
,founded ,,創立 
,founder,,根拠のない 
,founders ,生得 ,
,founding ,,本来 
,unfounded ,直観 ,
inherent ,,,洞察 力 
,inherently ,,洞察 力 
insight ,,積分 ,
,insightful ,中間 ,
,insights ,手動 ,
integral ,,,手動 
intermediate ,,,マニュアル 
manual ,,熟れる ,
,manually ,,幼稚
,manuals ,,未熟
mature ,,,成熟
,immature,,成熟
,immaturity,,成熟 
,maturation,,成熟 
,maturational,,成熟 
,matured ,,成熟 
,matures ,取り持つ ,
,maturing ,,媒介 
,maturity ,,仲介 
mediate ,,,媒介 
,mediated ,,調停 
,mediates ,中程度 ,
,mediating ,軍 ,
,mediation ,極小 ,
medium ,,,最小化 
military ,,,最小 化 
minimal ,,,ミニマライズ 
,minimalisation ,,ミニマライズ 
,minimalise ,,ミニマライジング 
,minimalises ,,ミニマリスト 
,minimalised ,,ミニマリスト 
,minimalising ,,ミニマル 
,minimalist ,,ミニマライゼーション 
,minimalists ,,最小化
,minimalistic ,,最小 化 
,minimalization ,,最小 化
,minimalize,,ミニマライジング 
,minimalized ,,最小限 
,minimalizes,相互 ,
,minimalizing ,,互いに 
,minimally ,規格 ,
mutual ,,,規範 
,mutually ,オーバーラップ ,
norm ,,,オーバー ラップ 
,norms ,,重複 
overlap ,,,重複 
,overlapped ,受け身 ,
,overlapping ,,受動 的
,overlaps ,,消極性 
passive ,,部分 ,
,passively,,部分 
,passivity ,予備的 ,
portion ,,,予備 
,portions ,議定書 ,
preliminary ,,,プロトコル 
,preliminaries ,定性 ,
protocol ,,,質的 
,protocols ,磨く ,
qualitative ,,,床しい 
,qualitatively ,,洗練 
refine ,,,改良 
,refined ,,精製 
,refinement ,,精錬 
,refinements ,リラックス ,
,refines ,,慰安 
,refining ,,くつろいだ 
relax ,,,緩和 
,relaxation ,,伸びやか 
,relaxed ,抑止する ,
,relaxes ,,拘束 
,relaxing ,,抑制 
restrain ,,,抑制 
,restrained ,,拘束 
,restraining ,,拘束 
,restrains ,,気まま 
,restraint ,革命 ,
,restraints ,,革命家 
,unrestrained ,,革命
revolution ,,,革命 
,revolutionary ,,革命 
,revolutionaries,,革命を起こす 
,revolutionise ,,革命を起こす 
,revolutionised ,,革命家
,revolutionises ,,革命家
,revolutionising ,,革命 
,revolutionist,,革命 
,revolutionists,,革命 
,revolutionize ,,革命 
,revolutionized ,,回転  
,revolutionizes ,硬直 ,
,revolutionizing ,,剛性 率 
,revolutions  ,,剛性 
rigid ,,,厳に 
,rigidities ,ルート ,
,rigidity ,,ルーティング
,rigidly ,,ルート 
route ,,,ルーティング
,routed,シナリオ ,
,routes ,,シナリオ 
,routing,球 ,
scenario ,,,球 
,scenarios ,,丸い
sphere ,,,球状 
,spheres ,下位 ,
,spherical,,部下 
,spherically ,,従属 
subordinate ,,サプリメント ,
,subordinates ,,副  
,subordination ,,補完 
supplement ,,,補完 
,supplementary  ,,サプリメント 
,supplemented ,停止する ,
,supplementing ,,中断 
,supplements ,,中断 
suspend ,,,中断 
,suspended ,,停止 
,suspending ,チーム ,
,suspends ,,チーム 
,suspension ,,チーミング 
team ,,,チーム  
,teamed ,一時的 ,
,teaming ,,仮に 
,teams  ,トリガー ,
temporary ,,,トリガー 
,temporarily ,,トリガー 
trigger ,,,トリガー 
,triggered ,統一する ,
,triggering ,,統一 
,triggers ,,ユニファイド 
unify ,,,統一 
,unification ,,統一 
,unified ,破る ,
,unifies ,,違反 
,unifying ,,違反 
violate ,,,違反 
,violated ,,違反 
,violates ,,違反 
,violating ,視覚 ,
,violation ,,ビジョン 
,violations ,,
vision ,,アカデミックワードリストのサブリスト10,
,visions ,,
,,,
Sublist 10 of the Academic Word List,,隣接 ,
,,とはいえ ,
,,集める ,
adjacent ,,,組み立て 
albeit ,,,組み立て 
assemble ,,,アセンブリ 
,assembled ,,組立 
,assembles ,,集会 
,assemblies ,倒れる ,
,assembling ,,崩壊 
,assembly ,,崩壊 
collapse ,,,折り畳める
,collapsed ,,崩壊 
,collapses ,同僚 ,
,collapsible,,同僚 
,collapsing ,コンパイル ,
colleague ,,,編纂 
,colleagues ,,コンパイル 
compile ,,,コンパイル 
,compilation ,,コンパイル 
,compilations ,,コンパイル 
,compiled ,孕む ,
,compiles ,,考えられる 
,compiling ,,多分 
conceive ,,,考案 
,conceivable ,,想像 
,conceivably ,,妊娠 
,conceived ,,信じられない 
,conceives ,,想像もつかないほど 
,conceiving ,説得する ,
,inconceivable ,,確信 
,inconceivably ,,説得
convince ,,,説諭 
,convinced ,,説得 力 
,convinces,,納得 
,convincing ,抑制 ,
,convincingly ,,ブルー 
,unconvinced ,,踏み込む 
depress ,,,鬱陶しい 
,depressed ,,鬱病 
,depresses ,出会い ,
,depressing ,,発生  
,depression ,,発生 
encounter ,,,出会い 
,encountered  ,莫大 ,
,encountering ,,恐ろしさ
,encounters ,,非常 
enormous ,,来たる ,
,enormity,傾く ,
,enormously ,,傾斜 
forthcoming ,,,傾斜 
incline ,,,傾斜 
,inclination ,,傾斜 
,inclinations ,,傾斜 
,inclined ,整合性 ,
,inclines ,組み込み ,
,inclining ,,本質 
integrity ,,呼び出す ,
intrinsic ,,,呼び出さ れる 
,intrinsically ,,呼び出す 
invoke ,,,呼び出す 
,invoked ,徴収 ,
,invokes ,,課税 
,invoking ,同様 ,
levy ,,にもかかわらず  ,
,levies ,それにもかかわらず ,
likewise ,,変  ,
nonetheless  ,,,勝ち目  
notwithstanding ,,進行 中 ,
odd  ,,パネル ,
,odds  ,,パネル 
ongoing ,,,パネル 
panel ,,,パネル 
,panelled ,粘る ,
,panelling ,,永続 化 
,panels ,,固執
persist ,,,粘り強い 
,persisted ,,飽く迄 
,persistence,,永続 化 
,persistent ,,永続 化 
,persistently ,ポーズ ,
,persisting ,,提起 
,persists ,,ポーズ 
pose ,,,ポーズ 
,posed ,不本意 ,
,poses ,,嫌がる 
,posing ,,仕方なく 
reluctance ,,いわゆる ,
,reluctant ,簡単 ,
,reluctantly ,経験する ,
so‑called ,,,受ける 
straightforward ,,,受けて 
undergo ,,,受けて 
,undergoes ,,受けた 
,undergoing ,という ,
,undergone ,,
,underwent ,,
whereby ,,,
